{
  "shardPrices": {
    "SHARD_ABYSSAL_LANTERN": 849997.2828431374,
    "SHARD_AERO": 798996.7710926695,
    "SHARD_ALLIGATOR": 961999.6749999999,
    "SHARD_ANANKE": 7389270.8,
    "SHARD_APEX_DRAGON": 244575.9695918993,
    "SHARD_ARACHNE": 709998.2853211008,
    "SHARD_AZURE": 19675.882007575758,
    "SHARD_BAL": 1309667.07979798,
    "SHARD_BAMBLOOM": 807180.4155925157,
    "SHARD_BAMBULEAF": 169506.15656296295,
    "SHARD_BARBARIAN_DUKE_X": 567984.6414141414,
    "SHARD_BASILISK": 737938.878888889,
    "SHARD_BEACONMITE": 867038.8307692308,
    "SHARD_BEZAL": 75610.3,
    "SHARD_BIRRIES": 24327.887252124645,
    "SHARD_BITBUG": 5596788.825761124,
    "SHARD_BLIZZARD": 999999.696875,
    "SHARD_BOLT": 413198.42592592596,
    "SHARD_BOREAL_OWL": 1981285.3,
    "SHARD_BRAMBLE": 1199997.655431755,
    "SHARD_BRUISER": 44788.07698135198,
    "SHARD_BULLFROG": 1657488.7192825114,
    "SHARD_BURNINGSOUL": 504863.11559139786,
    "SHARD_CAIMAN": 898993.5343234322,
    "SHARD_CARROT_KING": 527426.0614386795,
    "SHARD_CASCADE": 399769.53957219253,
    "SHARD_CAVERNSHADE": 106999.5707373272,
    "SHARD_CHAMELEON": 3185095.2461538464,
    "SHARD_CHILL": 19847.390343074967,
    "SHARD_CINDER_BAT": 152711.22126014688,
    "SHARD_COD": 21109.467318982388,
    "SHARD_CONDOR": 2299991.59375,
    "SHARD_CORALOT": 248092.7004273504,
    "SHARD_CROCODILE": 387786.5139534884,
    "SHARD_CROPEETLE": 329967.18478260876,
    "SHARD_CROW": 579325.4585526315,
    "SHARD_CRYO": 511225.1243902439,
    "SHARD_CUBOA": 1238905.2377457402,
    "SHARD_DAEMON": 8649711.7,
    "SHARD_DODO": 4999997.5,
    "SHARD_DRACONIC": 382124.59878787876,
    "SHARD_DRAGONFLY": 7082641.1,
    "SHARD_DREADWING": 102826.85344827586,
    "SHARD_DROWNED": 112926.7594637224,
    "SHARD_EEL": 378998.5216216216,
    "SHARD_ENDSTONE_PROTECTOR": 293393.9687007874,
    "SHARD_ENT": 101884.83364341086,
    "SHARD_ETHERDRAKE": 2390283.3690831554,
    "SHARD_FALCON": 2081587.3464788732,
    "SHARD_FENLORD": 1720978.8508196722,
    "SHARD_FIREFLY": 6688404.397826088,
    "SHARD_FIRE_EEL": 272813.715210356,
    "SHARD_FLAMING_SPIDER": 413863.5256020942,
    "SHARD_FLARE": 91998.28251366121,
    "SHARD_FLASH": 199280.7854132901,
    "SHARD_FUNGLOOM": 669035.3,
    "SHARD_GALAXY_FISH": 16999998.7,
    "SHARD_GECKO": 717442.1368421052,
    "SHARD_GHOST": 29981.3342920354,
    "SHARD_GLACITE_WALKER": 19834.067206946456,
    "SHARD_GOLDEN_GHOUL": 50463.979094076654,
    "SHARD_GOLDFIN": 518330.26983141096,
    "SHARD_GROVE": 512502.56031128403,
    "SHARD_HARPY": 1959998.0999999999,
    "SHARD_HELLWISP": 151097.18774765378,
    "SHARD_HERON": 680790.46484375,
    "SHARD_HIDEONBOX": 7850936.652631579,
    "SHARD_HIDEONCAVE": 893487.0368421056,
    "SHARD_HIDEONDRA": 2449900.781862745,
    "SHARD_HIDEONGEON": 6152641.4,
    "SHARD_HIDEONGIFT": 865997.8419141914,
    "SHARD_HIDEONLEAF": 216599.10864864866,
    "SHARD_HIDEONRING": 8999998.9,
    "SHARD_HIDEONSACK": 8325328.245454546,
    "SHARD_IGUANA": 1585494.0731092435,
    "SHARD_INFERNO_KOI": 1090991.8589552238,
    "SHARD_INVISIBUG": 57612.23218869234,
    "SHARD_JORMUNG": 7927980,
    "SHARD_JOYDIVE": 164728.3183783784,
    "SHARD_KADA_KNIGHT": 69704.19518518519,
    "SHARD_KING_COBRA": 803992.5692005241,
    "SHARD_KIWI": 1962575.9696774194,
    "SHARD_KOMODO_DRAGON": 1968729.5743589746,
    "SHARD_KRAKEN": 663254.993442623,
    "SHARD_LADYBUG": 1657041.3992753625,
    "SHARD_LAPIS_CREEPER": 668244.6306451611,
    "SHARD_LAPIS_SKELETON": 229352.2935775452,
    "SHARD_LAPIS_ZOMBIE": 34085.05203574975,
    "SHARD_LAVA_FLAME": 161639.8503222836,
    "SHARD_LEATHERBACK": 840040.2063829788,
    "SHARD_LEVIATHAN": 1164999.3551111112,
    "SHARD_LIZARD_KING": 629998.6971428571,
    "SHARD_LORD_JAWBUS": 155998.7815498155,
    "SHARD_LUMISQUID": 180883.06589327144,
    "SHARD_LUNAR_MOTH": 4499967.35942029,
    "SHARD_MAGMA_SLUG": 53877.7495657209,
    "SHARD_MATCHO": 411651.4867647059,
    "SHARD_MEGALITH": 996188.0721259844,
    "SHARD_MIMIC": 3599996.819188192,
    "SHARD_MINER_ZOMBIE": 44209.73776626367,
    "SHARD_MIST": 181441.37649467651,
    "SHARD_MOCHIBEAR": 295767.9165784831,
    "SHARD_MOLTENFISH": 4245016.6,
    "SHARD_MOLTHORN": 19399996.766666666,
    "SHARD_MORAY_EEL": 1126699.4770491803,
    "SHARD_MOSSYBIT": 98498.32406779662,
    "SHARD_MUDWORM": 164817.82658227847,
    "SHARD_NAGA": 1858412.584739677,
    "SHARD_NEWT": 908382.525301205,
    "SHARD_NIGHT_SQUID": 199363.07925142391,
    "SHARD_OBSIDIAN_DEFENDER": 53987.37096,
    "SHARD_PANDARAI": 679749.3941007194,
    "SHARD_PEST": 205285.2688888889,
    "SHARD_PHANFLARE": 129360.68755364805,
    "SHARD_PHANPYRE": 81720.86896551723,
    "SHARD_PIRANHA": 654876.8495652174,
    "SHARD_POWER_DRAGON": 2616341.2978339344,
    "SHARD_PRAYING_MANTIS": 1451179.9622754492,
    "SHARD_PRINCE": 847409.1259067357,
    "SHARD_PYTHON": 600770.4102380952,
    "SHARD_QUAKE": 367441.1537444933,
    "SHARD_QUARTZFANG": 791250.8003642986,
    "SHARD_RAIN_SLIME": 46403.16934414149,
    "SHARD_RANA": 455854.4592145015,
    "SHARD_REVENANT": 705449.447457627,
    "SHARD_SALAMANDER": 549998.5994572592,
    "SHARD_SALMON": 28856,
    "SHARD_SEAGULL": 778981.9719008263,
    "SHARD_SEA_ARCHER": 179991.97900874633,
    "SHARD_SEA_EMPEROR": 505523.8403333334,
    "SHARD_SEA_SERPENT": 1499989.0603076923,
    "SHARD_SEER": 59992.98347978911,
    "SHARD_SHELLWISE": 347156.17617449665,
    "SHARD_SHINYFISH": 645928.7,
    "SHARD_SILENTDEPTH": 1063132.800323974,
    "SHARD_SKELETOR": 744399.9448450347,
    "SHARD_SNOWFIN": 8469449.094117647,
    "SHARD_SOUL_OF_THE_ALPHA": 92662.96039226369,
    "SHARD_SPARROW": 615112.0471830986,
    "SHARD_SPIKE": 148037.6922259778,
    "SHARD_STALAGMIGHT": 2215088.02361809,
    "SHARD_STARBORN": 54999999.46666667,
    "SHARD_STAR_SENTRY": 99058.78611500701,
    "SHARD_STRIDER_SURFER": 27352.478106060607,
    "SHARD_SUN_FISH": 6948667.2,
    "SHARD_SYCOPHANT": 161931.231402439,
    "SHARD_SYLVAN": 515973.1498299319,
    "SHARD_TADGANG": 163237.4502994012,
    "SHARD_TANK_ZOMBIE": 402244.22679738567,
    "SHARD_TAURUS": 723956.127027027,
    "SHARD_TEMPEST": 1821930.979264214,
    "SHARD_TENEBRIS": 1280301.3124050635,
    "SHARD_TERMITE": 5679998.8841269845,
    "SHARD_TERRA": 1199998.9595454545,
    "SHARD_THORN": 213023.16176185865,
    "SHARD_THYST": 88071.60314861462,
    "SHARD_TIAMAT": 933225.3597046415,
    "SHARD_TIDE": 187998.8696969697,
    "SHARD_TOAD": 762082.0252252253,
    "SHARD_TORTOISE": 1099998.2415094338,
    "SHARD_TOUCAN": 1999439.6423220974,
    "SHARD_TROGLOBYTE": 186222.3306547619,
    "SHARD_VERDANT": 15954.797285067873,
    "SHARD_VIPER": 349997.63211678836,
    "SHARD_VORACIOUS_SPIDER": 48967.95463102409,
    "SHARD_WARTYBUG": 8999999.299999999,
    "SHARD_WATER_HYDRA": 165584.97599451302,
    "SHARD_WITHER": 2531548.436111111,
    "SHARD_WITHER_SPECTER": 49019.77856659905,
    "SHARD_WYVERN": 1894530.8914473683,
    "SHARD_XYZ": 139734.32934782607,
    "SHARD_YOG": 90958.92600773054,
    "SHARD_ZEALOT": 39225.397511312214,
    "SHARD_ZOMBIE_SOLDIER": 772950.3510204081
  }
}