{
  "shardPrices": {
    "SHARD_ABYSSAL_LANTERN": 1261346.2102564103,
    "SHARD_AERO": 1040398.1963906582,
    "SHARD_ALLIGATOR": 718612.910483871,
    "SHARD_ANANKE": 7499999.9,
    "SHARD_APEX_DRAGON": 349705.86814602726,
    "SHARD_ARACHNE": 999943.6999999998,
    "SHARD_AZURE": 26460.625,
    "SHARD_BAL": 1700436.6446153848,
    "SHARD_BAMBLOOM": 992991.2741784038,
    "SHARD_BAMBULEAF": 252283.9412,
    "SHARD_BARBARIAN_DUKE_X": 1233775.031707317,
    "SHARD_BASILISK": 1079897.0906862745,
    "SHARD_BEACONMITE": 1569998.8008928571,
    "SHARD_BEZAL": 81329.28083416088,
    "SHARD_BIRRIES": 25923.734606741575,
    "SHARD_BITBUG": 5240964.126180258,
    "SHARD_BLIZZARD": 698146.7861471861,
    "SHARD_BOLT": 276838.79575497046,
    "SHARD_BOREAL_OWL": 2022867.658389262,
    "SHARD_BRAMBLE": 1499986.7144329897,
    "SHARD_BRUISER": 74315.50338541667,
    "SHARD_BULLFROG": 699999.9701492537,
    "SHARD_BURNINGSOUL": 652537.5733606557,
    "SHARD_CAIMAN": 999999.6916030534,
    "SHARD_CARROT_KING": 826198.169352014,
    "SHARD_CASCADE": 318868.26401515154,
    "SHARD_CAVERNSHADE": 131277.69667500892,
    "SHARD_CHAMELEON": 2224398.566666667,
    "SHARD_CHILL": 29820.80873074101,
    "SHARD_CINDER_BAT": 249999.73172282265,
    "SHARD_COD": 35007.581864121275,
    "SHARD_CONDOR": 2749997.2,
    "SHARD_CORALOT": 280926.39886363636,
    "SHARD_CROCODILE": 499998.7555555555,
    "SHARD_CROPEETLE": 397496.425,
    "SHARD_CROW": 578613.8364669421,
    "SHARD_CRYO": 736060.8755319149,
    "SHARD_CUBOA": 2095421.6513513515,
    "SHARD_DAEMON": 9999997.395238096,
    "SHARD_DODO": 5704931.55652174,
    "SHARD_DRACONIC": 372912.3319587629,
    "SHARD_DRAGONFLY": 5999999.8,
    "SHARD_DREADWING": 148580.7470588235,
    "SHARD_DROWNED": 144733.14941860468,
    "SHARD_EEL": 373799.45185185183,
    "SHARD_ENDSTONE_PROTECTOR": 364298.73682864447,
    "SHARD_ENT": 214534.1479020979,
    "SHARD_ETHERDRAKE": 2929991.994117647,
    "SHARD_FALCON": 2079993.7357466065,
    "SHARD_FENLORD": 1372770.9632996633,
    "SHARD_FIREFLY": 6500315.700000001,
    "SHARD_FIRE_EEL": 318198.01652173913,
    "SHARD_FLAMING_SPIDER": 70320.1628670121,
    "SHARD_FLARE": 117950.04603460708,
    "SHARD_FLASH": 179993.6581234257,
    "SHARD_FUNGLOOM": 719750.242105263,
    "SHARD_GALAXY_FISH": 19186065.1,
    "SHARD_GECKO": 738551.7565217391,
    "SHARD_GHOST": 34993.40929765886,
    "SHARD_GLACITE_WALKER": 19936.520926243567,
    "SHARD_GOLDEN_GHOUL": 65741.2328731098,
    "SHARD_GOLDFIN": 644995.7180851065,
    "SHARD_GROVE": 641098.9051829268,
    "SHARD_HARPY": 1961408.417808219,
    "SHARD_HELLWISP": 226867.11244167964,
    "SHARD_HERON": 646191.2879422383,
    "SHARD_HIDEONBOX": 7797893.9,
    "SHARD_HIDEONCAVE": 1140957.1608,
    "SHARD_HIDEONDRA": 2484135.707407407,
    "SHARD_HIDEONGEON": 4948882.733333333,
    "SHARD_HIDEONGIFT": 1199998.1093457944,
    "SHARD_HIDEONLEAF": 262433.8270810211,
    "SHARD_HIDEONRING": 7057451.5,
    "SHARD_HIDEONSACK": 4715105.2,
    "SHARD_IGUANA": 1124121.0043062202,
    "SHARD_INFERNO_KOI": 1447512.5300000003,
    "SHARD_INVISIBUG": 55410.595316711595,
    "SHARD_JORMUNG": 6299998.611904762,
    "SHARD_JOYDIVE": 194012.4,
    "SHARD_KADA_KNIGHT": 41128.09348127601,
    "SHARD_KING_COBRA": 878325.1396788988,
    "SHARD_KIWI": 1999997.0515789473,
    "SHARD_KOMODO_DRAGON": 2436636.688607595,
    "SHARD_KRAKEN": 560186.3,
    "SHARD_LADYBUG": 2072119.3858585863,
    "SHARD_LAPIS_CREEPER": 646084.5444444445,
    "SHARD_LAPIS_SKELETON": 354163.29320388346,
    "SHARD_LAPIS_ZOMBIE": 41749.48879310346,
    "SHARD_LAVA_FLAME": 205251.9047743623,
    "SHARD_LEATHERBACK": 1022935.2934306569,
    "SHARD_LEVIATHAN": 1487302.3880382776,
    "SHARD_LIZARD_KING": 1299998.6664062499,
    "SHARD_LORD_JAWBUS": 195071.89389880956,
    "SHARD_LUMISQUID": 433998.4,
    "SHARD_LUNAR_MOTH": 4999999.3,
    "SHARD_MAGMA_SLUG": 217862.8168168168,
    "SHARD_MATCHO": 421002.2701754386,
    "SHARD_MEGALITH": 1594768.681756757,
    "SHARD_MIMIC": 4916483.625373134,
    "SHARD_MINER_ZOMBIE": 49307.37268292683,
    "SHARD_MIST": 207243.49312638576,
    "SHARD_MOCHIBEAR": 969319.4974007221,
    "SHARD_MOLTENFISH": 3617643.0642857146,
    "SHARD_MOLTHORN": 19819439.825,
    "SHARD_MORAY_EEL": 1173618.859143969,
    "SHARD_MOSSYBIT": 148558.79184615385,
    "SHARD_MUDWORM": 300047.25416666665,
    "SHARD_NAGA": 1736443.28,
    "SHARD_NEWT": 964605.7629139072,
    "SHARD_NIGHT_SQUID": 230594.07660818717,
    "SHARD_OBSIDIAN_DEFENDER": 75568.08243093922,
    "SHARD_PANDARAI": 1015635.6045375217,
    "SHARD_PEST": 264804.38221343874,
    "SHARD_PHANFLARE": 193309.5370786517,
    "SHARD_PHANPYRE": 96534.90805084744,
    "SHARD_PIRANHA": 444301.87047619047,
    "SHARD_POWER_DRAGON": 3091842.447826087,
    "SHARD_PRAYING_MANTIS": 1936879.884,
    "SHARD_PRINCE": 952723.6030508474,
    "SHARD_PYTHON": 580345.6105740181,
    "SHARD_QUAKE": 374983.29931934207,
    "SHARD_QUARTZFANG": 856000.8,
    "SHARD_RAIN_SLIME": 100487.6360186418,
    "SHARD_RANA": 407400.5040441177,
    "SHARD_REVENANT": 866473.114876033,
    "SHARD_SALAMANDER": 1494256.25037594,
    "SHARD_SALMON": 43964.32049180328,
    "SHARD_SEAGULL": 1176484.5939393938,
    "SHARD_SEA_ARCHER": 195307.15696969698,
    "SHARD_SEA_EMPEROR": 581354.8931283905,
    "SHARD_SEA_SERPENT": 1577448.0294478526,
    "SHARD_SEER": 69999.92159999999,
    "SHARD_SHELLWISE": 421416.1176079734,
    "SHARD_SHINYFISH": 699998.7681818183,
    "SHARD_SILENTDEPTH": 2043514.423210412,
    "SHARD_SKELETOR": 731936.1351502447,
    "SHARD_SNOWFIN": 13650869.28125,
    "SHARD_SOUL_OF_THE_ALPHA": 130360.66942637492,
    "SHARD_SPARROW": 809722.0995614035,
    "SHARD_SPIKE": 181324.7628808864,
    "SHARD_STALAGMIGHT": 2490874.03,
    "SHARD_STARBORN": 42627896,
    "SHARD_STAR_SENTRY": 102630.78501628664,
    "SHARD_STRIDER_SURFER": 26930.556833176248,
    "SHARD_SUN_FISH": 5999997.9555555545,
    "SHARD_SYCOPHANT": 267610.0211077844,
    "SHARD_SYLVAN": 662746.201066098,
    "SHARD_TADGANG": 275676.5971751413,
    "SHARD_TANK_ZOMBIE": 349864.12336134457,
    "SHARD_TAURUS": 1400810.6000000003,
    "SHARD_TEMPEST": 3788996.7,
    "SHARD_TENEBRIS": 3257861.8338709674,
    "SHARD_TERMITE": 4883306.1,
    "SHARD_TERRA": 1700817.6784090907,
    "SHARD_THORN": 179112.82209188657,
    "SHARD_THYST": 187444.392778335,
    "SHARD_TIAMAT": 901703.9921568626,
    "SHARD_TIDE": 229711.9876106195,
    "SHARD_TOAD": 657925.3090301004,
    "SHARD_TORTOISE": 1184218.7397849464,
    "SHARD_TOUCAN": 2146994.588461539,
    "SHARD_TROGLOBYTE": 228775.70690789475,
    "SHARD_VERDANT": 21466.664963503645,
    "SHARD_VIPER": 287701.0387755102,
    "SHARD_VORACIOUS_SPIDER": 55330.698795180724,
    "SHARD_WARTYBUG": 6500000,
    "SHARD_WATER_HYDRA": 134444.4166216216,
    "SHARD_WITHER": 3135908.35,
    "SHARD_WITHER_SPECTER": 57466.905320000005,
    "SHARD_WYVERN": 2542527.649303621,
    "SHARD_XYZ": 121466.10922712933,
    "SHARD_YOG": 101854.61918128654,
    "SHARD_ZEALOT": 49734.524809830305,
    "SHARD_ZOMBIE_SOLDIER": 875315.0852054794
  }
}